id,participant,name,iso_code,created_at,updated_at
1,1656,Kenny Urban,840,2025-07-13 03:00:24.225142+00,2025-07-13 03:00:24.225142+00
2,1656,NaPoM,840,2025-07-13 03:00:24.225142+00,2025-07-13 03:00:24.225142+00
3,1657,Wawad,250,2025-07-13 03:00:24.225142+00,2025-07-13 03:00:24.225142+00
4,1657,Beatness,250,2025-07-13 03:00:24.225142+00,2025-07-13 03:00:24.225142+00
5,1658,Pash,643,2025-07-13 03:00:24.225142+00,2025-07-13 03:00:24.225142+00
6,1658,Jayton,643,2025-07-13 03:00:24.225142+00,2025-07-13 03:00:24.225142+00
7,1659,K.I.M.,250,2025-07-13 03:00:24.225142+00,2025-07-13 03:00:24.225142+00
8,1659,BigBen,56,2025-07-13 03:00:24.225142+00,2025-07-13 03:00:24.225142+00
11,1661,Kaila Mullady,840,2025-07-13 03:00:24.225142+00,2025-07-13 03:00:24.225142+00
12,1661,Mark Martin,840,2025-07-13 03:00:24.225142+00,2025-07-13 03:00:24.225142+00
13,1662,Efaybee,250,2025-07-13 03:00:24.225142+00,2025-07-13 03:00:24.225142+00
14,1662,Alexinho,250,2025-07-13 03:00:24.225142+00,2025-07-13 03:00:24.225142+00
15,1663,Timmeh,528,2025-07-13 03:00:24.225142+00,2025-07-13 03:00:24.225142+00
16,1663,B-Art,528,2025-07-13 03:00:24.225142+00,2025-07-13 03:00:24.225142+00
17,1664,Alem,250,2025-07-13 03:00:24.225142+00,2025-07-13 03:00:24.225142+00
18,1664,Skiller,100,2025-07-13 03:00:24.225142+00,2025-07-13 03:00:24.225142+00
21,1666,Gene Shinozaki,840,2025-07-13 03:00:24.225142+00,2025-07-13 03:00:24.225142+00
22,1666,Chris Celiz,840,2025-07-13 03:00:24.225142+00,2025-07-13 03:00:24.225142+00
23,1693,Pash,643,2025-07-13 03:00:24.225142+00,2025-07-13 03:00:24.225142+00
24,1693,Jayton,643,2025-07-13 03:00:24.225142+00,2025-07-13 03:00:24.225142+00
25,1694,Gene Shinozaki,840,2025-07-13 03:00:24.225142+00,2025-07-13 03:00:24.225142+00
26,1694,Chris Celiz,840,2025-07-13 03:00:24.225142+00,2025-07-13 03:00:24.225142+00
27,1695,NaPoM,840,2025-07-13 03:00:24.225142+00,2025-07-13 03:00:24.225142+00
28,1695,Kenny Urban,840,2025-07-13 03:00:24.225142+00,2025-07-13 03:00:24.225142+00
29,1696,Nin'oz,250,2025-07-13 03:00:24.225142+00,2025-07-13 03:00:24.225142+00
30,1696,Andro,250,2025-07-13 03:00:24.225142+00,2025-07-13 03:00:24.225142+00
31,1697,Efaybee,250,2025-07-13 03:00:24.225142+00,2025-07-13 03:00:24.225142+00
32,1697,Alexinho,250,2025-07-13 03:00:24.225142+00,2025-07-13 03:00:24.225142+00
33,1698,Ettoman,392,2025-07-13 03:00:24.225142+00,2025-07-13 03:00:24.225142+00
34,1698,Tatsuaki,392,2025-07-13 03:00:24.225142+00,2025-07-13 03:00:24.225142+00
35,1699,Eon,40,2025-07-13 03:00:24.225142+00,2025-07-13 03:00:24.225142+00
36,1699,Georgy,40,2025-07-13 03:00:24.225142+00,2025-07-13 03:00:24.225142+00
37,1700,Zhang Ze,156,2025-07-13 03:00:24.225142+00,2025-07-13 03:00:24.225142+00
38,1700,Ah Xin,156,2025-07-13 03:00:24.225142+00,2025-07-13 03:00:24.225142+00
39,1701,Hiss,410,2025-07-13 03:00:24.225142+00,2025-07-13 03:00:24.225142+00
40,1701,Two.H,410,2025-07-13 03:00:24.225142+00,2025-07-13 03:00:24.225142+00
41,1702,Bellatrix,826,2025-07-13 03:00:24.225142+00,2025-07-13 03:00:24.225142+00
42,1702,Grace Savage,826,2025-07-13 03:00:24.225142+00,2025-07-13 03:00:24.225142+00
43,1727,Samy Try,250,2025-07-13 03:00:24.225142+00,2025-07-13 03:00:24.225142+00
44,1727,Bronix,250,2025-07-13 03:00:24.225142+00,2025-07-13 03:00:24.225142+00
45,1728,A-Kam,826,2025-07-13 03:00:24.225142+00,2025-07-13 03:00:24.225142+00
46,1728,Graycloud,826,2025-07-13 03:00:24.225142+00,2025-07-13 03:00:24.225142+00
47,1729,Voxel,528,2025-07-13 03:00:24.225142+00,2025-07-13 03:00:24.225142+00
48,1729,B-Art,528,2025-07-13 03:00:24.225142+00,2025-07-13 03:00:24.225142+00
49,1730,Gene Shinozaki,840,2025-07-13 03:00:24.225142+00,2025-07-13 03:00:24.225142+00
50,1730,Chris Celiz,840,2025-07-13 03:00:24.225142+00,2025-07-13 03:00:24.225142+00
51,1731,D-low,826,2025-07-13 03:00:24.225142+00,2025-07-13 03:00:24.225142+00
52,1731,Frosty,826,2025-07-13 03:00:24.225142+00,2025-07-13 03:00:24.225142+00
53,1732,NaPoM,840,2025-07-13 03:00:24.225142+00,2025-07-13 03:00:24.225142+00
54,1732,Kenny Urban,840,2025-07-13 03:00:24.225142+00,2025-07-13 03:00:24.225142+00
55,1733,Hiss,410,2025-07-13 03:00:24.225142+00,2025-07-13 03:00:24.225142+00
56,1733,Huckle,410,2025-07-13 03:00:24.225142+00,2025-07-13 03:00:24.225142+00
57,1734,Scott Jackson,124,2025-07-13 03:00:24.225142+00,2025-07-13 03:00:24.225142+00
58,1734,BBK,124,2025-07-13 03:00:24.225142+00,2025-07-13 03:00:24.225142+00
59,1735,Beatness,250,2025-07-13 03:00:24.225142+00,2025-07-13 03:00:24.225142+00
60,1735,Rythmind,250,2025-07-13 03:00:24.225142+00,2025-07-13 03:00:24.225142+00
61,1761,D-low,826,2025-07-13 03:00:24.225142+00,2025-07-13 03:00:24.225142+00
62,1761,Frosty,826,2025-07-13 03:00:24.225142+00,2025-07-13 03:00:24.225142+00
63,1762,Alem,250,2025-07-13 03:00:24.225142+00,2025-07-13 03:00:24.225142+00
64,1762,Alexinho,250,2025-07-13 03:00:24.225142+00,2025-07-13 03:00:24.225142+00
65,1763,Beasty,250,2025-07-13 03:00:24.225142+00,2025-07-13 03:00:24.225142+00
66,1763,Wawad,250,2025-07-13 03:00:24.225142+00,2025-07-13 03:00:24.225142+00
67,1764,Kaila Mullady,840,2025-07-13 03:00:24.225142+00,2025-07-13 03:00:24.225142+00
68,1764,Mark Martin,840,2025-07-13 03:00:24.225142+00,2025-07-13 03:00:24.225142+00
69,1765,Akindé,250,2025-07-13 03:00:24.225142+00,2025-07-13 03:00:24.225142+00
70,1765,Kenôzen,250,2025-07-13 03:00:24.225142+00,2025-07-13 03:00:24.225142+00
71,1766,Mr. Androide,152,2025-07-13 03:00:24.225142+00,2025-07-13 03:00:24.225142+00
72,1766,Tomazacre,152,2025-07-13 03:00:24.225142+00,2025-07-13 03:00:24.225142+00
73,1767,Ball-Zee,826,2025-07-13 03:00:24.225142+00,2025-07-13 03:00:24.225142+00
74,1767,Hobbit,826,2025-07-13 03:00:24.225142+00,2025-07-13 03:00:24.225142+00
75,1768,FootboxG,56,2025-07-13 03:00:24.225142+00,2025-07-13 03:00:24.225142+00
76,1768,Supernova,56,2025-07-13 03:00:24.225142+00,2025-07-13 03:00:24.225142+00
81,1771,Elisii,124,2025-07-13 03:00:24.225142+00,2025-07-13 03:00:24.225142+00
82,1771,Simon,124,2025-07-13 03:00:24.225142+00,2025-07-13 03:00:24.225142+00
83,1772,Graycloud,826,2025-07-13 03:00:24.225142+00,2025-07-13 03:00:24.225142+00
84,1772,A-Kam,826,2025-07-13 03:00:24.225142+00,2025-07-13 03:00:24.225142+00
85,1889,RYTHMIND,250,2025-07-13 03:00:24.225142+00,2025-07-13 03:00:24.225142+00
86,1889,BEATNESS,250,2025-07-13 03:00:24.225142+00,2025-07-13 03:00:24.225142+00
87,1890,RUSY,392,2025-07-13 03:00:24.225142+00,2025-07-13 03:00:24.225142+00
88,1890,SO-SO,392,2025-07-13 03:00:24.225142+00,2025-07-13 03:00:24.225142+00
89,1891,FriiDon,276,2025-07-13 03:00:24.225142+00,2025-07-13 03:00:24.225142+00
90,1891,SXIN,276,2025-07-13 03:00:24.225142+00,2025-07-13 03:00:24.225142+00
91,1892,BREZ,250,2025-07-13 03:00:24.225142+00,2025-07-13 03:00:24.225142+00
92,1892,CHRIS THEODIAN,250,2025-07-13 03:00:24.225142+00,2025-07-13 03:00:24.225142+00
93,1922,SUPERNOVA,56,2025-07-13 03:00:24.225142+00,2025-07-13 03:00:24.225142+00
94,1922,FOOTBOXG,56,2025-07-13 03:00:24.225142+00,2025-07-13 03:00:24.225142+00
95,1923,MB14,250,2025-07-13 03:00:24.225142+00,2025-07-13 03:00:24.225142+00
96,1923,SARO,250,2025-07-13 03:00:24.225142+00,2025-07-13 03:00:24.225142+00
101,1926,Kenôzen,250,2025-07-13 03:00:24.225142+00,2025-07-13 03:00:24.225142+00
102,1926,AKINDÉ,250,2025-07-13 03:00:24.225142+00,2025-07-13 03:00:24.225142+00
103,1927,Yuto,392,2025-07-13 03:00:24.225142+00,2025-07-13 03:00:24.225142+00
104,1927,Riki,392,2025-07-13 03:00:24.225142+00,2025-07-13 03:00:24.225142+00
105,1928,TOMAZACRE,152,2025-07-13 03:00:24.225142+00,2025-07-13 03:00:24.225142+00
106,1928,MR. ANDROIDE,152,2025-07-13 03:00:24.225142+00,2025-07-13 03:00:24.225142+00
107,1929,A-Kam,826,2025-07-13 03:00:24.225142+00,2025-07-13 03:00:24.225142+00
108,1929,Graycloud,826,2025-07-13 03:00:24.225142+00,2025-07-13 03:00:24.225142+00
109,1930,RIVER',250,2025-07-13 03:00:24.225142+00,2025-07-13 03:00:24.225142+00
110,1930,COLAPS,250,2025-07-13 03:00:24.225142+00,2025-07-13 03:00:24.225142+00
111,1931,Kaila Mullady,840,2025-07-13 03:00:24.225142+00,2025-07-13 03:00:24.225142+00
112,1931,Mark Martin,840,2025-07-13 03:00:24.225142+00,2025-07-13 03:00:24.225142+00
113,1932,FUGA,392,2025-07-13 03:00:24.225142+00,2025-07-13 03:00:24.225142+00
114,1932,HIRO,392,2025-07-13 03:00:24.225142+00,2025-07-13 03:00:24.225142+00
115,1933,RUSY,392,2025-07-13 03:00:24.225142+00,2025-07-13 03:00:24.225142+00
116,1933,KOHEY,392,2025-07-13 03:00:24.225142+00,2025-07-13 03:00:24.225142+00
117,1934,HELLCAT,410,2025-07-13 03:00:24.225142+00,2025-07-13 03:00:24.225142+00
118,1934,WING,410,2025-07-13 03:00:24.225142+00,2025-07-13 03:00:24.225142+00
119,1935,SXIN,276,2025-07-13 03:00:24.225142+00,2025-07-13 03:00:24.225142+00
120,1935,CHEZAME,276,2025-07-13 03:00:24.225142+00,2025-07-13 03:00:24.225142+00
121,1936,KAJI,392,2025-07-13 03:00:24.225142+00,2025-07-13 03:00:24.225142+00
122,1936,SO-SO,392,2025-07-13 03:00:24.225142+00,2025-07-13 03:00:24.225142+00
123,1937,PONO,840,2025-07-13 03:00:24.225142+00,2025-07-13 03:00:24.225142+00
124,1937,BIZKIT,840,2025-07-13 03:00:24.225142+00,2025-07-13 03:00:24.225142+00
125,1938,SCRIBBLY DOODLE,124,2025-07-13 03:00:24.225142+00,2025-07-13 03:00:24.225142+00
126,1938,JORDOX,124,2025-07-13 03:00:24.225142+00,2025-07-13 03:00:24.225142+00
127,1939,CHRIS THEODIAN,250,2025-07-13 03:00:24.225142+00,2025-07-13 03:00:24.225142+00
128,1939,ROBIN,250,2025-07-13 03:00:24.225142+00,2025-07-13 03:00:24.225142+00
129,1939,BREZ,250,2025-07-13 03:00:24.225142+00,2025-07-13 03:00:24.225142+00
130,1939,EFAYBEE,250,2025-07-13 03:00:24.225142+00,2025-07-13 03:00:24.225142+00
131,1939,ORFEY,250,2025-07-13 03:00:24.225142+00,2025-07-13 03:00:24.225142+00
132,1940,EON,40,2025-07-13 03:00:24.225142+00,2025-07-13 03:00:24.225142+00
133,1940,SLIZZER,40,2025-07-13 03:00:24.225142+00,2025-07-13 03:00:24.225142+00
134,1940,GEO POPOFF,40,2025-07-13 03:00:24.225142+00,2025-07-13 03:00:24.225142+00
135,1941,CHLOROPHIL,276,2025-07-13 03:00:24.225142+00,2025-07-13 03:00:24.225142+00
136,1941,RAPHA,276,2025-07-13 03:00:24.225142+00,2025-07-13 03:00:24.225142+00
137,1941,OFF THE BOX,276,2025-07-13 03:00:24.225142+00,2025-07-13 03:00:24.225142+00
138,1941,KAYS,276,2025-07-13 03:00:24.225142+00,2025-07-13 03:00:24.225142+00
139,1942,SO-SO,392,2025-07-13 03:00:24.225142+00,2025-07-13 03:00:24.225142+00
140,1942,RUSY,392,2025-07-13 03:00:24.225142+00,2025-07-13 03:00:24.225142+00
141,1942,KOHEY,392,2025-07-13 03:00:24.225142+00,2025-07-13 03:00:24.225142+00
142,1942,KAJI,392,2025-07-13 03:00:24.225142+00,2025-07-13 03:00:24.225142+00
143,1980,Colaps,250,2025-07-13 03:00:24.225142+00,2025-07-13 03:00:24.225142+00
144,1980,River',250,2025-07-13 03:00:24.225142+00,2025-07-13 03:00:24.225142+00
145,1981,Fuga,392,2025-07-13 03:00:24.225142+00,2025-07-13 03:00:24.225142+00
146,1981,HIRO,392,2025-07-13 03:00:24.225142+00,2025-07-13 03:00:24.225142+00
147,1982,YAMORI,392,2025-07-13 03:00:24.225142+00,2025-07-13 03:00:24.225142+00
148,1982,John-T,392,2025-07-13 03:00:24.225142+00,2025-07-13 03:00:24.225142+00
149,1983,Yuske,392,2025-07-13 03:00:24.225142+00,2025-07-13 03:00:24.225142+00
150,1983,Yuichi,392,2025-07-13 03:00:24.225142+00,2025-07-13 03:00:24.225142+00
151,1984,RUSY,392,2025-07-13 03:00:24.225142+00,2025-07-13 03:00:24.225142+00
152,1984,Kohey,392,2025-07-13 03:00:24.225142+00,2025-07-13 03:00:24.225142+00
153,1985,Hippy,376,2025-07-13 03:00:24.225142+00,2025-07-13 03:00:24.225142+00
154,1985,Max,376,2025-07-13 03:00:24.225142+00,2025-07-13 03:00:24.225142+00
155,1986,WinG,410,2025-07-13 03:00:24.225142+00,2025-07-13 03:00:24.225142+00
156,1986,Hellcat,410,2025-07-13 03:00:24.225142+00,2025-07-13 03:00:24.225142+00
157,1987,Heartzel,458,2025-07-13 03:00:24.225142+00,2025-07-13 03:00:24.225142+00
158,1987,Artsy,458,2025-07-13 03:00:24.225142+00,2025-07-13 03:00:24.225142+00
159,1988,ZVD,840,2025-07-13 03:00:24.225142+00,2025-07-13 03:00:24.225142+00
160,1988,Rahul,840,2025-07-13 03:00:24.225142+00,2025-07-13 03:00:24.225142+00
161,1989,Supernova,56,2025-07-13 03:00:24.225142+00,2025-07-13 03:00:24.225142+00
162,1989,FootboxG,56,2025-07-13 03:00:24.225142+00,2025-07-13 03:00:24.225142+00
163,1990,Slizzer,40,2025-07-13 03:00:24.225142+00,2025-07-13 03:00:24.225142+00
164,1990,Geo Popoff,40,2025-07-13 03:00:24.225142+00,2025-07-13 03:00:24.225142+00
165,1990,Eon,40,2025-07-13 03:00:24.225142+00,2025-07-13 03:00:24.225142+00
166,1991,Kohey,392,2025-07-13 03:00:24.225142+00,2025-07-13 03:00:24.225142+00
167,1991,KAJI,392,2025-07-13 03:00:24.225142+00,2025-07-13 03:00:24.225142+00
168,1991,SO-SO,392,2025-07-13 03:00:24.225142+00,2025-07-13 03:00:24.225142+00
169,1991,RUSY,392,2025-07-13 03:00:24.225142+00,2025-07-13 03:00:24.225142+00
170,1992,Helium,643,2025-07-13 03:00:24.225142+00,2025-07-13 03:00:24.225142+00
171,1992,Vahtang,643,2025-07-13 03:00:24.225142+00,2025-07-13 03:00:24.225142+00
172,1992,Andrey Grizz-Lee,643,2025-07-13 03:00:24.225142+00,2025-07-13 03:00:24.225142+00
173,1992,Taras Stanin,643,2025-07-13 03:00:24.225142+00,2025-07-13 03:00:24.225142+00
174,1993,BreZ,250,2025-07-13 03:00:24.225142+00,2025-07-13 03:00:24.225142+00
175,1993,Efaybee,250,2025-07-13 03:00:24.225142+00,2025-07-13 03:00:24.225142+00
176,1993,Robin,250,2025-07-13 03:00:24.225142+00,2025-07-13 03:00:24.225142+00
177,1993,ORFEY,250,2025-07-13 03:00:24.225142+00,2025-07-13 03:00:24.225142+00
178,1993,Chris TheOdian,250,2025-07-13 03:00:24.225142+00,2025-07-13 03:00:24.225142+00
179,1994,K.I.M.,250,2025-07-13 03:00:24.225142+00,2025-07-13 03:00:24.225142+00
180,1994,Faya Braz,250,2025-07-13 03:00:24.225142+00,2025-07-13 03:00:24.225142+00
181,1994,Colaps,250,2025-07-13 03:00:24.225142+00,2025-07-13 03:00:24.225142+00
182,1994,Scouilla,250,2025-07-13 03:00:24.225142+00,2025-07-13 03:00:24.225142+00
183,1995,Kays,276,2025-07-13 03:00:24.225142+00,2025-07-13 03:00:24.225142+00
184,1995,Bricks,276,2025-07-13 03:00:24.225142+00,2025-07-13 03:00:24.225142+00
185,1995,Marvelin,276,2025-07-13 03:00:24.225142+00,2025-07-13 03:00:24.225142+00
186,1995,ChloroPhil,276,2025-07-13 03:00:24.225142+00,2025-07-13 03:00:24.225142+00
187,1996,Mihir,356,2025-07-13 03:00:24.225142+00,2025-07-13 03:00:24.225142+00
188,1996,Shivali,356,2025-07-13 03:00:24.225142+00,2025-07-13 03:00:24.225142+00
189,1996,SonuBBX,356,2025-07-13 03:00:24.225142+00,2025-07-13 03:00:24.225142+00
190,1996,Wah Da Fu,356,2025-07-13 03:00:24.225142+00,2025-07-13 03:00:24.225142+00
191,2041,YAMORI,392,2025-07-13 03:00:24.225142+00,2025-07-13 03:00:24.225142+00
192,2041,JOHN-T,392,2025-07-13 03:00:24.225142+00,2025-07-13 03:00:24.225142+00
193,2042,SE-MA,392,2025-07-13 03:00:24.225142+00,2025-07-13 03:00:24.225142+00
194,2042,DYU-TAR,392,2025-07-13 03:00:24.225142+00,2025-07-13 03:00:24.225142+00
195,2043,BOOKIE BLANCO,250,2025-07-13 03:00:24.225142+00,2025-07-13 03:00:24.225142+00
196,2043,PACMAX,250,2025-07-13 03:00:24.225142+00,2025-07-13 03:00:24.225142+00
197,2044,TARAS STANIN,643,2025-07-13 03:00:24.225142+00,2025-07-13 03:00:24.225142+00
198,2044,IMPROVER,643,2025-07-13 03:00:24.225142+00,2025-07-13 03:00:24.225142+00
199,2045,COLOA,392,2025-07-13 03:00:24.225142+00,2025-07-13 03:00:24.225142+00
200,2045,MIZUKI,392,2025-07-13 03:00:24.225142+00,2025-07-13 03:00:24.225142+00
201,2046,CJ,364,2025-07-13 03:00:24.225142+00,2025-07-13 03:00:24.225142+00
202,2046,KARA,364,2025-07-13 03:00:24.225142+00,2025-07-13 03:00:24.225142+00
203,2047,YUICHI,392,2025-07-13 03:00:24.225142+00,2025-07-13 03:00:24.225142+00
204,2047,YUSKE,392,2025-07-13 03:00:24.225142+00,2025-07-13 03:00:24.225142+00
205,2048,COLAPS,250,2025-07-13 03:00:24.225142+00,2025-07-13 03:00:24.225142+00
206,2048,RIVER',250,2025-07-13 03:00:24.225142+00,2025-07-13 03:00:24.225142+00
207,2049,FUGA,392,2025-07-13 03:00:24.225142+00,2025-07-13 03:00:24.225142+00
208,2049,HIRO,392,2025-07-13 03:00:24.225142+00,2025-07-13 03:00:24.225142+00
209,2050,HICCUP,344,2025-07-13 03:00:24.225142+00,2025-07-13 03:00:24.225142+00
210,2050,THE-O,344,2025-07-13 03:00:24.225142+00,2025-07-13 03:00:24.225142+00
211,2051,EPOCK,250,2025-07-13 03:00:24.225142+00,2025-07-13 03:00:24.225142+00
212,2051,ÁELMIGHT,250,2025-07-13 03:00:24.225142+00,2025-07-13 03:00:24.225142+00
213,2051,OSY,250,2025-07-13 03:00:24.225142+00,2025-07-13 03:00:24.225142+00
214,2051,TUNECINOO,250,2025-07-13 03:00:24.225142+00,2025-07-13 03:00:24.225142+00
215,2052,KRISTÓF,348,2025-07-13 03:00:24.225142+00,2025-07-13 03:00:24.225142+00
216,2052,RAPTOR,348,2025-07-13 03:00:24.225142+00,2025-07-13 03:00:24.225142+00
217,2052,SHACKLE,348,2025-07-13 03:00:24.225142+00,2025-07-13 03:00:24.225142+00
218,2052,BLAZ,348,2025-07-13 03:00:24.225142+00,2025-07-13 03:00:24.225142+00
219,2053,SHINYAAA,392,2025-07-13 03:00:24.225142+00,2025-07-13 03:00:24.225142+00
220,2053,BLY CREPSLEY,392,2025-07-13 03:00:24.225142+00,2025-07-13 03:00:24.225142+00
221,2053,FKD,392,2025-07-13 03:00:24.225142+00,2025-07-13 03:00:24.225142+00
222,2054,WAH DA FU,356,2025-07-13 03:00:24.225142+00,2025-07-13 03:00:24.225142+00
223,2054,VINZAYN,356,2025-07-13 03:00:24.225142+00,2025-07-13 03:00:24.225142+00
224,2054,KAWAI SENPAI,356,2025-07-13 03:00:24.225142+00,2025-07-13 03:00:24.225142+00
225,2054,ANI SAKTE,356,2025-07-13 03:00:24.225142+00,2025-07-13 03:00:24.225142+00
226,2055,SO-SO,392,2025-07-13 03:00:24.225142+00,2025-07-13 03:00:24.225142+00
227,2055,RUSY,392,2025-07-13 03:00:24.225142+00,2025-07-13 03:00:24.225142+00
228,2055,KAJI,392,2025-07-13 03:00:24.225142+00,2025-07-13 03:00:24.225142+00
229,2055,KOHEY,392,2025-07-13 03:00:24.225142+00,2025-07-13 03:00:24.225142+00
230,2084,PACMAX,250,2025-07-13 03:00:24.225142+00,2025-07-13 03:00:24.225142+00
231,2084,BOOKIE BLANCO,250,2025-07-13 03:00:24.225142+00,2025-07-13 03:00:24.225142+00
232,2085,COLOA,392,2025-07-13 03:00:24.225142+00,2025-07-13 03:00:24.225142+00
233,2085,MIZUKI,392,2025-07-13 03:00:24.225142+00,2025-07-13 03:00:24.225142+00
234,2086,Yamori,392,2025-07-13 03:00:24.225142+00,2025-07-13 03:00:24.225142+00
235,2086,John-T,392,2025-07-13 03:00:24.225142+00,2025-07-13 03:00:24.225142+00
236,2087,Hiss,410,2025-07-13 03:00:24.225142+00,2025-07-13 03:00:24.225142+00
237,2087,WING,410,2025-07-13 03:00:24.225142+00,2025-07-13 03:00:24.225142+00
238,2088,MaxO,100,2025-07-13 03:00:24.225142+00,2025-07-13 03:00:24.225142+00
239,2088,SkilleR,100,2025-07-13 03:00:24.225142+00,2025-07-13 03:00:24.225142+00
240,2089,Riku Matsushima,392,2025-07-13 03:00:24.225142+00,2025-07-13 03:00:24.225142+00
241,2089,Darren,392,2025-07-13 03:00:24.225142+00,2025-07-13 03:00:24.225142+00
242,2090,JDY,156,2025-07-13 03:00:24.225142+00,2025-07-13 03:00:24.225142+00
243,2090,CHEEZE,156,2025-07-13 03:00:24.225142+00,2025-07-13 03:00:24.225142+00
244,2091,Jovial,840,2025-07-13 03:00:24.225142+00,2025-07-13 03:00:24.225142+00
245,2091,clutch,840,2025-07-13 03:00:24.225142+00,2025-07-13 03:00:24.225142+00
246,2092,Epock,250,2025-07-13 03:00:24.225142+00,2025-07-13 03:00:24.225142+00
247,2092,Tunecinoo,250,2025-07-13 03:00:24.225142+00,2025-07-13 03:00:24.225142+00
248,2092,Osy,250,2025-07-13 03:00:24.225142+00,2025-07-13 03:00:24.225142+00
249,2092,Áelmight,250,2025-07-13 03:00:24.225142+00,2025-07-13 03:00:24.225142+00
250,2093,Gene Shinozaki,840,2025-07-13 03:00:24.225142+00,2025-07-13 03:00:24.225142+00
251,2093,Kenny Urban,840,2025-07-13 03:00:24.225142+00,2025-07-13 03:00:24.225142+00
252,2093,NaPoM,840,2025-07-13 03:00:24.225142+00,2025-07-13 03:00:24.225142+00
253,2093,Amit,840,2025-07-13 03:00:24.225142+00,2025-07-13 03:00:24.225142+00
254,2093,Chris Celiz,840,2025-07-13 03:00:24.225142+00,2025-07-13 03:00:24.225142+00
255,2094,Tako,392,2025-07-13 03:00:24.225142+00,2025-07-13 03:00:24.225142+00
256,2094,Darren,392,2025-07-13 03:00:24.225142+00,2025-07-13 03:00:24.225142+00
257,2094,Serpent,410,2025-07-13 03:00:24.225142+00,2025-07-13 03:00:24.225142+00
258,2094,Ray,392,2025-07-13 03:00:24.225142+00,2025-07-13 03:00:24.225142+00
259,2094,Riku Matsushima,392,2025-07-13 03:00:24.225142+00,2025-07-13 03:00:24.225142+00
265,2096,ZaChoo,392,2025-07-13 03:00:24.225142+00,2025-07-13 03:00:24.225142+00
266,2096,yuto,392,2025-07-13 03:00:24.225142+00,2025-07-13 03:00:24.225142+00
267,2096,T2,392,2025-07-13 03:00:24.225142+00,2025-07-13 03:00:24.225142+00
268,1924,K.I.M.,250,2025-08-03 12:06:31.152169+00,2025-08-03 12:06:31.152169+00
269,1924,BIGBEN,56,2025-08-03 12:06:49.849567+00,2025-08-03 12:06:49.849567+00
270,1769,K.I.M.,250,2025-08-03 12:07:56.816475+00,2025-08-03 12:07:56.816475+00
271,1769,BIGBEN,56,2025-08-03 12:08:16.39631+00,2025-08-03 12:08:16.39631+00